num_msm,avg_processing_time(sec),total_processing_time(sec),memory_allocated(MiB),resident_memory(MiB)
1,0.018471125,0.018471125,3.41973876953125,7.859375
10,0.007089854,0.070898541,3.41973876953125,7.859375
50,0.005347056,0.267352828,3.41973876953125,7.859375
100,0.005303597,0.530359796,3.389251708984375,7.859375
500,0.005314043,2.657021941,1.66607666015625,7.859375
1000,0.005335265,5.335265702,1.6693267822265625,7.859375
5000,0.005283274,26.416371632,1.6488189697265625,7.859375
10000,0.005283547,52.835474539,1.6722564697265625,7.859375