num_msm,avg_processing_time(sec),total_processing_time(sec),memory_allocated(MiB),resident_memory(MiB)
1,0.007958625,0.007958625,2.17767333984375,3.46875
10,0.005784325,0.05784325,0.09375,0.09375
50,0.005296368,0.264818414,0,0
100,0.005286185,0.528618501,-0.06430816650390625,0
500,0.005292528,2.646264222,-1.748260498046875,0
1000,0.005290708,5.290708513,0.001678466796875,0
5000,0.005313782,26.568914337,-0.01904296875,0
